title,price,image,link
삼천리 스마트 CTF21 마이스터H21 700c 하이브리드 자전거21단 터보7 아이티너 도미니크,"182,000",http://gdimg.gmarket.co.kr/323687344/still/280?ver=1689953740,http://item.gmarket.co.kr/Item?goodscode=323687344
마이스터R21 우분투 삼천리CTR 21 로드자전거 모음 무료조립배송,"214,320",http://gdimg.gmarket.co.kr/669874213/still/280?ver=1712756931,http://item.gmarket.co.kr/Item?goodscode=669874213
삼천리 절대 펑크 안나는 아이티너 700c 하이브리드 자전거 21단 외 타누스 타이어장착 무료조립,"278,000",http://gdimg.gmarket.co.kr/814766045/still/280?ver=1711603284,http://item.gmarket.co.kr/Item?goodscode=814766045
2024년 블랙스미스 페트론 시리즈 20 / 22 / 24 / 26 / 27.5 / 29 인치 MTB 자전거 무료조립,"224,000",http://gdimg.gmarket.co.kr/2903546833/still/280?ver=1715911092,http://item.gmarket.co.kr/Item?goodscode=2903546833
르노 픽시 700C 하이브리드 자전거 무료조립,"248,000",http://gdimg.gmarket.co.kr/3562825490/still/280?ver=1708587672,http://item.gmarket.co.kr/Item?goodscode=3562825490
전기자전거/전기스쿠터/전동킥보드 (출퇴근 배달용) 렌탈 모음 약정후 고객님 소유,"25,900",http://gdimg.gmarket.co.kr/2587945115/still/280?ver=1724917204,http://item.gmarket.co.kr/Item?goodscode=2587945115&buyboxtype=ad
삼천리 절대 펑크 안나는 아이티너 700c 하이브리드 자전거 21단 외 타누스 타이어장착 무료조립,"278,000",http://gdimg.gmarket.co.kr/814766045/still/280?ver=1711603284,http://item.gmarket.co.kr/Item?goodscode=814766045&buyboxtype=ad
자전거 보호커버/커버/오토바이/덮개/비닐/방수/먼지/파우치,"10,890",http://gdimg.gmarket.co.kr/4043539060/still/280?ver=1724902529,http://item.gmarket.co.kr/Item?goodscode=4043539060&buyboxtype=ad
삼천리 700C 씨딕 자전거,"650,000",http://image.gmarket.co.kr/hanbando/202408/a4e449b9-22a7-4df9-aaa4-148d912fcc83.png?date=20240903,http://item.gmarket.co.kr/Item?goodscode=3747404613&buyboxtype=ad
노펑크 트링스 FREE 1.1 프리 하이브리드 자전거 무료조립배송,"298,000",http://gdimg.gmarket.co.kr/2514393582/still/280?ver=1721893996,http://item.gmarket.co.kr/Item?goodscode=2514393582&buyboxtype=ad
로드자전거 27단 입문용 자린이 출퇴근 경량 바이크,"231,470",http://image.gmarket.co.kr/hanbando/202408/a4e449b9-22a7-4df9-aaa4-148d912fcc83.png?date=20240903,http://item.gmarket.co.kr/Item?goodscode=2839633006&buyboxtype=ad
(학습교재) 나무조립 MTB자전거,"7,770",http://gdimg.gmarket.co.kr/3063385854/still/280?ver=1689348960,http://item.gmarket.co.kr/Item?goodscode=3063385854&buyboxtype=ad
삼천리 블루킨 18인치 알루미늄 어린이 자전거,"182,000",http://image.gmarket.co.kr/hanbando/202408/a4e449b9-22a7-4df9-aaa4-148d912fcc83.png?date=20240903,http://item.gmarket.co.kr/Item?goodscode=2873505751&buyboxtype=ad
커세어 27단 27.5인치 입문용 MTB 자전거 풀 시마노 정품 디스크 브레이크 무료조립,"359,000",http://gdimg.gmarket.co.kr/1642267841/still/280?ver=1567839771,http://item.gmarket.co.kr/Item?goodscode=1642267841
2024 프로마스터 엑스씨2.1D 22 / 24 / 26 / 27.5 / 29인치 MTB 자전거 시마노21단 디스크브레이크 완조립,"259,000",http://gdimg.gmarket.co.kr/3924607128/still/280?ver=1723518458,http://item.gmarket.co.kr/Item?goodscode=3924607128
YEOS2 세발 자전거 밸런스 유아체육 시립어린이집 균형감각 유아용,"1,888,780",http://gdimg.gmarket.co.kr/4111846835/still/280?ver=1724848593,http://item.gmarket.co.kr/Item?goodscode=4111846835&buyboxtype=ad
YEOS2 세발 자전거 2인용 민첩성 유아체육 교구 선물 유아자전거 완구,"1,670,450",http://gdimg.gmarket.co.kr/4111847117/still/280?ver=1724848602,http://item.gmarket.co.kr/Item?goodscode=4111847117&buyboxtype=ad
YEOS2 세발 자전거 유아용자전거 유아체육 유치원 유아자전거 유아동,"590,100",http://gdimg.gmarket.co.kr/4111836760/still/280?ver=1724848214,http://item.gmarket.co.kr/Item?goodscode=4111836760&buyboxtype=ad
YEOS2 세발 자전거 균형감각 유아체육 어린이집 다기능자전거 완구,"1,126,130",http://gdimg.gmarket.co.kr/4111846981/still/280?ver=1724848597,http://item.gmarket.co.kr/Item?goodscode=4111846981&buyboxtype=ad
비바 슈퍼트라이크 자전거유모차,"56,130",http://image.gmarket.co.kr/hanbando/202408/a4e449b9-22a7-4df9-aaa4-148d912fcc83.png?date=20240903,http://item.gmarket.co.kr/Item?goodscode=3655793266&buyboxtype=ad
(UC-500) 뉴 외발자전거(UC-500) CP 20인치 /코어운동외발자전거/묘기용외발자전거/전문가외발자전거/밸런,"298,800",http://gdimg.gmarket.co.kr/4056994124/still/280?ver=1725208526,http://item.gmarket.co.kr/Item?goodscode=4056994124&buyboxtype=ad
삼천리 하이킥 18인치 어린이 자전거,"199,000",http://image.gmarket.co.kr/hanbando/202408/a4e449b9-22a7-4df9-aaa4-148d912fcc83.png?date=20240903,http://item.gmarket.co.kr/Item?goodscode=3747006204&buyboxtype=ad
블랙스미스 말리 R1 로드 자전거 21단 2023년 무료조립 6종사은품증정,"288,000",http://gdimg.gmarket.co.kr/2404037233/still/280?ver=1690356601,http://item.gmarket.co.kr/Item?goodscode=2404037233&buyboxtype=ad
2023 알톤 27.5인치 산악인증 MTB자전거 마렝고 시마노30단 유압 디스크   무료조립 배송,"699,000",http://gdimg.gmarket.co.kr/2476953925/still/280?ver=1655365965,http://item.gmarket.co.kr/Item?goodscode=2476953925&buyboxtype=ad
24인치 자전거 초경량 출퇴근 등교 성인 입문용 속도,"221,100",http://image.gmarket.co.kr/hanbando/202408/a4e449b9-22a7-4df9-aaa4-148d912fcc83.png?date=20240903,http://item.gmarket.co.kr/Item?goodscode=4010961860&buyboxtype=ad
20인치 학생용 자전거 가변 속도 산악 선물,"185,800",http://image.gmarket.co.kr/hanbando/202408/a4e449b9-22a7-4df9-aaa4-148d912fcc83.png?date=20240903,http://item.gmarket.co.kr/Item?goodscode=3211145834&buyboxtype=ad
신광무역{스포츠물병}레저용물병/물통/물병/보틀/국산,"5,800",http://gdimg.gmarket.co.kr/2007683822/still/280?ver=1700654007,http://item.gmarket.co.kr/Item?goodscode=2007683822&buyboxtype=ad
가족자전거 경량 다인승 산책 여행 엄마 등원 라이딩,"209,500",http://image.gmarket.co.kr/hanbando/202408/a4e449b9-22a7-4df9-aaa4-148d912fcc83.png?date=20240903,http://item.gmarket.co.kr/Item?goodscode=4081439301&buyboxtype=ad
옛날 짐 자전거 쌀집 배달 구식 감성 시골 과수원,"297,600",http://image.gmarket.co.kr/hanbando/202408/a4e449b9-22a7-4df9-aaa4-148d912fcc83.png?date=20240903,http://item.gmarket.co.kr/Item?goodscode=4072858877&buyboxtype=ad
(UC_900 안장20cm) 뉴 외발자전거(UC-900) 로드 24인치 스피드 /코어운동외발자전거/묘기용외발자전거/전문,"408,980",http://gdimg.gmarket.co.kr/4056994206/still/280?ver=1725208530,http://item.gmarket.co.kr/Item?goodscode=4056994206&buyboxtype=ad
(UC_910 안장30cm) 뉴 외발자전거(UC-900) 로드 24인치 스피드 /코어운동외발자전거/묘기용외발자전거/전문,"408,980",http://gdimg.gmarket.co.kr/4056994294/still/280?ver=1725208535,http://item.gmarket.co.kr/Item?goodscode=4056994294&buyboxtype=ad
2023 엘파마 판타시아 S7 데오레 12단 카본 MTB 자전거 ,"1,365,900",http://image.gmarket.co.kr/hanbando/202408/a4e449b9-22a7-4df9-aaa4-148d912fcc83.png?date=20240903,http://item.gmarket.co.kr/Item?goodscode=3307602740
2023 엘파마 레이다 105 22단 스페셜 로드 자전거 ,"1,398,000",http://image.gmarket.co.kr/hanbando/202408/a4e449b9-22a7-4df9-aaa4-148d912fcc83.png?date=20240903,http://item.gmarket.co.kr/Item?goodscode=3307603100
자전거 신발 인터네셔널 자전거입문용 평페달신발 아웃도어 브랜드 플래그십 스토어 ,"33,300",http://image.gmarket.co.kr/hanbando/202408/a4e449b9-22a7-4df9-aaa4-148d912fcc83.png?date=20240903,http://item.gmarket.co.kr/Item?goodscode=4020895125
2024 프로마스터 로드자전거 에어리스R2.1D 700C 시마노21단 디스크브레이크 조립구매시 라이딩용품 증정,"277,320",http://image.gmarket.co.kr/hanbando/202408/a4e449b9-22a7-4df9-aaa4-148d912fcc83.png?date=20240903,http://item.gmarket.co.kr/Item?goodscode=3142209180
2024 케이투바이크 클래식 여성용자전거 쉘리 26인치 7단 조립구매시 푸짐한 사은품증정,"163,810",http://image.gmarket.co.kr/hanbando/202408/a4e449b9-22a7-4df9-aaa4-148d912fcc83.png?date=20240903,http://item.gmarket.co.kr/Item?goodscode=701581897
(UC-1100) 뉴 외발자전거(UC-1100) 24인치 마운틴 /코어운동외발자전거/묘기용외발자전거/전문가외발자전거,"426,910",http://gdimg.gmarket.co.kr/4056994691/still/280?ver=1725208551,http://item.gmarket.co.kr/Item?goodscode=4056994691&buyboxtype=ad
2024 케이투바이크 MTB자전거 KMT26GS 26인치 21단 조립 구매시 푸짐한 사은품증정,"112,370",http://image.gmarket.co.kr/hanbando/202408/a4e449b9-22a7-4df9-aaa4-148d912fcc83.png?date=20240903,http://item.gmarket.co.kr/Item?goodscode=336576384
2023 프로마스터 로드자전거 에어리스R2.1D 700C 시마노21단 디스크브레이크 조립구매시 라이딩 용품 증정,"266,740",http://image.gmarket.co.kr/hanbando/202408/a4e449b9-22a7-4df9-aaa4-148d912fcc83.png?date=20240903,http://item.gmarket.co.kr/Item?goodscode=2394366792
(UC-510) 뉴 외발자전거(UC-510) 블랙 20인치 스탠다드 /코어운동외발자전거/묘기용외발자전거/전문가외발,"337,240",http://gdimg.gmarket.co.kr/4056994741/still/280?ver=1725208557,http://item.gmarket.co.kr/Item?goodscode=4056994741&buyboxtype=ad
삼천리자전거 팀X500D 26인치 디스크브레이크 MTB자전거 알루미늄 스팅거100D 6종사은품 증정,"316,680",http://gdimg.gmarket.co.kr/249230848/still/280?ver=1685416007,http://item.gmarket.co.kr/Item?goodscode=249230848
2024 케이투바이크 클래식 여성용자전거 쉘리24인치 7단 조립 구매시 푸짐한 사은품증정,"164,150",http://image.gmarket.co.kr/hanbando/202408/a4e449b9-22a7-4df9-aaa4-148d912fcc83.png?date=20240903,http://item.gmarket.co.kr/Item?goodscode=1624784877
(UC-520) 뉴 외발자전거(UC-520) 바이올렛 20인치 스탠다드 /코어운동외발자전거/묘기용외발자전거/전문가,"337,240",http://gdimg.gmarket.co.kr/4056994845/still/280?ver=1725208562,http://item.gmarket.co.kr/Item?goodscode=4056994845&buyboxtype=ad
2024 케이투바이크 초등학생 주니어 MTB자전거 KMT24GS 24인치 21단 조립 구매시 푸짐한 사은품증정,"112,370",http://image.gmarket.co.kr/hanbando/202408/a4e449b9-22a7-4df9-aaa4-148d912fcc83.png?date=20240903,http://item.gmarket.co.kr/Item?goodscode=943729099
2023 알톤 하이브리드자전거 스피어 700C 시마노21단 조립 구매시 푸짐한 라이딩용품 증정,"215,280",http://image.gmarket.co.kr/hanbando/202408/a4e449b9-22a7-4df9-aaa4-148d912fcc83.png?date=20240903,http://item.gmarket.co.kr/Item?goodscode=3219342487
(UC-530) 뉴 외발자전거(UC-530)핑크 20인치 스탠다드 /코어운동외발자전거/묘기용외발자전거/전문가외발자,"337,240",http://gdimg.gmarket.co.kr/4056994924/still/280?ver=1725208567,http://item.gmarket.co.kr/Item?goodscode=4056994924&buyboxtype=ad
프로에이스 390D 알루미늄 MTB자전거 시마노 디스크,"238,000",http://gdimg.gmarket.co.kr/2445984325/still/280?ver=1704421743,http://item.gmarket.co.kr/Item?goodscode=2445984325
삼천리자전거 하로GS26 접이식자전거 21단 MTB자전거,"186,120",http://gdimg.gmarket.co.kr/2032110672/still/280?ver=1612947498,http://item.gmarket.co.kr/Item?goodscode=2032110672
(UC-700) 뉴 외발자전거(UC-700) CP 20인치 스탠다드 플러스 /코어운동외발자전거/묘기용외발자전거/전문가,"337,240",http://gdimg.gmarket.co.kr/4056994999/still/280?ver=1725208572,http://item.gmarket.co.kr/Item?goodscode=4056994999&buyboxtype=ad
2024 프로마스터 MTB 자전거 엑스씨2.1D 27.5인치 시마노21단 디스크브레이크 조립구매시 푸짐한 사은품증정,"246,150",http://image.gmarket.co.kr/hanbando/202408/a4e449b9-22a7-4df9-aaa4-148d912fcc83.png?date=20240903,http://item.gmarket.co.kr/Item?goodscode=2484257900
MTB 산악 자전거 오프로드 입문용 성인 학생 자전거 24 26인치(사은품 다수),"169,200",http://image.gmarket.co.kr/hanbando/202408/a4e449b9-22a7-4df9-aaa4-148d912fcc83.png?date=20240903,http://item.gmarket.co.kr/Item?goodscode=2985956755
(UC-710) 뉴 외발자전거(UC-710) 블랙 20인치 스탠다드 플러스 /코어운동외발자전거/묘기용외발자전거/전문,"355,170",http://gdimg.gmarket.co.kr/4056995063/still/280?ver=1725208577,http://item.gmarket.co.kr/Item?goodscode=4056995063&buyboxtype=ad
2023 프로마스터 로드자전거 노비스1 클라리스 시마노16단 디스크브레이크 조립 구매시 푸짐한 사은품 증정,"462,390",http://image.gmarket.co.kr/hanbando/202408/a4e449b9-22a7-4df9-aaa4-148d912fcc83.png?date=20240903,http://item.gmarket.co.kr/Item?goodscode=2874965651
후스퀵 고출력 팻바이크 알루미늄 자전거 광폭타이어 mtb 26인치 산악자전거 자전거 악세사리 증정,"347,260",http://gdimg.gmarket.co.kr/4038753378/still/280?ver=1722924192,http://item.gmarket.co.kr/Item?goodscode=4038753378
(UC-720) 뉴 외발자전거(UC-720) 바이올렛 20인치 스탠다드 플러스 /코어운동외발자전거/묘기용외발자전거/,"355,170",http://gdimg.gmarket.co.kr/4056995219/still/280?ver=1725208582,http://item.gmarket.co.kr/Item?goodscode=4056995219&buyboxtype=ad
케이투바이크 주니어 초등학생 서스펜션 MTB자전거 메커드22SF 22인치 21단 조립구매시 푸짐한 사은품증정,"156,730",http://image.gmarket.co.kr/hanbando/202408/a4e449b9-22a7-4df9-aaa4-148d912fcc83.png?date=20240903,http://item.gmarket.co.kr/Item?goodscode=1488783887
케이투바이크 초등학생 MTB 자전거 덱스터2.1D 24인치 선런 원터치 21단 디스크 조립구매시 라이딩용품 증정,"184,400",http://image.gmarket.co.kr/hanbando/202408/a4e449b9-22a7-4df9-aaa4-148d912fcc83.png?date=20240903,http://item.gmarket.co.kr/Item?goodscode=2772758299
(UC-730) 뉴 외발자전거(UC-730) 핑크 20인치 스탠다드 플러스 /코어운동외발자전거/묘기용외발자전거/전문,"357,730",http://gdimg.gmarket.co.kr/4056995329/still/280?ver=1725208587,http://item.gmarket.co.kr/Item?goodscode=4056995329&buyboxtype=ad
삼천리 블루킨 18인치 알루미늄 어린이 자전거,"182,000",http://image.gmarket.co.kr/hanbando/202408/a4e449b9-22a7-4df9-aaa4-148d912fcc83.png?date=20240903,http://item.gmarket.co.kr/Item?goodscode=2873505751
2022 알톤 초등학생 경량 알루미늄 하이브리드자전거 퓨리어스 24인치 시마노7단  조립구매시 사은품증정,"204,980",http://image.gmarket.co.kr/hanbando/202408/a4e449b9-22a7-4df9-aaa4-148d912fcc83.png?date=20240903,http://item.gmarket.co.kr/Item?goodscode=2254783715
니스포 외발자전거 UC-710 블랙 20인치스탠다드플러스,"176,700",http://image.gmarket.co.kr/hanbando/202408/a4e449b9-22a7-4df9-aaa4-148d912fcc83.png?date=20240903,http://item.gmarket.co.kr/Item?goodscode=1919147114&buyboxtype=ad
프로마스터 경량 알루미늄 하이브리드자전거 에어리스H2.1D 시마노21단 디스크 조립구매시 라이딩용품 증정,"256,450",http://image.gmarket.co.kr/hanbando/202408/a4e449b9-22a7-4df9-aaa4-148d912fcc83.png?date=20240903,http://item.gmarket.co.kr/Item?goodscode=2387031727
삼천리자전거 2024 미니벨로 폴딩 접이식 접는형 자전거 20인치 하로 플러스 링크플러스 20 사은품증정,"195,520",http://gdimg.gmarket.co.kr/2056674537/still/280?ver=1724739042,http://item.gmarket.co.kr/Item?goodscode=2056674537
업그레이드 자전거 거치대 크랭키 215~280cm,"60,090",http://gdimg.gmarket.co.kr/3704691087/still/280?ver=1712814540,http://item.gmarket.co.kr/Item?goodscode=3704691087&buyboxtype=ad
2024 케이투바이크 초등학생 MTB자전거 메커드24SF 24인치 21단 시마노 변속레버 조립구매시 라이딩용품증정,"143,370",http://image.gmarket.co.kr/hanbando/202408/a4e449b9-22a7-4df9-aaa4-148d912fcc83.png?date=20240903,http://item.gmarket.co.kr/Item?goodscode=1488785859
삼천리자전거 알루미늄 폴딩 접이식 접는형 디스크 MTB 나비드D 26인치 자전거 모리스,"363,120",http://gdimg.gmarket.co.kr/116659475/still/280?ver=1623058047,http://item.gmarket.co.kr/Item?goodscode=116659475
2024년 클래식 프림로즈 20인치 알루미늄 여성 클래식자전거 시마노 완조립 삼천리,"337,000",http://gdimg.gmarket.co.kr/3658642854/still/280?ver=1723106217,http://item.gmarket.co.kr/Item?goodscode=3658642854&buyboxtype=ad
삼천리자전거 2024 팀체인지SF22 주니어자전거 어린이자전거 캡틴 아동자전거 아동사은품,"184,140",http://gdimg.gmarket.co.kr/655590575/still/280?ver=1633493675,http://item.gmarket.co.kr/Item?goodscode=655590575
삼천리자전거 2024 하로DX26 짐판+흙받이선택 폴딩 접이형 접이식자전거 MTB자전거,"202,740",http://gdimg.gmarket.co.kr/2043013035/still/280?ver=1614236514,http://item.gmarket.co.kr/Item?goodscode=2043013035
업그레이드 자전거 거치대 크랭키 215~280cm 고보관,"69,480",http://gdimg.gmarket.co.kr/3745831177/still/280?ver=1714009510,http://item.gmarket.co.kr/Item?goodscode=3745831177&buyboxtype=ad
에이스레이디 삼천리스트라타 24/26인치 여성용자전거,"204,000",http://gdimg.gmarket.co.kr/2090378865/still/280?ver=1704421480,http://item.gmarket.co.kr/Item?goodscode=2090378865
2024 케이투바이크 경량 알루미늄 클래식 여성용자전거 헬레나22인치 시마노7단 조립구매 푸짐한 사은품증정,"235,860",http://image.gmarket.co.kr/hanbando/202408/a4e449b9-22a7-4df9-aaa4-148d912fcc83.png?date=20240903,http://item.gmarket.co.kr/Item?goodscode=2159617383
고급 외발 자전거 취미 스포츠 키덜트 밸런스 선물 공연 로드용,"142,500",http://gdimg.gmarket.co.kr/3980189527/still/280?ver=1720617273,http://item.gmarket.co.kr/Item?goodscode=3980189527&buyboxtype=ad
프로마스터 경량 알루미늄 하이브리드자전거 에어리스H2.1V 시마노21단 700C 조립구매시 라이딩용품 증정,"235,860",http://image.gmarket.co.kr/hanbando/202408/a4e449b9-22a7-4df9-aaa4-148d912fcc83.png?date=20240903,http://item.gmarket.co.kr/Item?goodscode=2389011191
알톤 MTB자전거 아더A30 27.5인치 시마노 데오레30단 시마노 유압디스크 조립 구매시 고급 라이딩용품 증정,"512,890",http://image.gmarket.co.kr/hanbando/202408/a4e449b9-22a7-4df9-aaa4-148d912fcc83.png?date=20240903,http://item.gmarket.co.kr/Item?goodscode=2407029555
업그레이드 자전거 거치대 크랭키 215~280cm,"67,390",http://gdimg.gmarket.co.kr/4039382103/still/280?ver=1722254748,http://item.gmarket.co.kr/Item?goodscode=4039382103&buyboxtype=ad
프로마스터 초등학생 알루미늄 MTB 자전거 벨로M 22인치 시마노21단 조립구매시 푸짐한 라이딩용품 증정,"215,280",http://image.gmarket.co.kr/hanbando/202408/a4e449b9-22a7-4df9-aaa4-148d912fcc83.png?date=20240903,http://item.gmarket.co.kr/Item?goodscode=3840520626
삼천리자전거 하로DX24 접이식자전거 24인치 21단 MTB자전거,"195,520",http://gdimg.gmarket.co.kr/2356845507/still/280?ver=1681964232,http://item.gmarket.co.kr/Item?goodscode=2356845507
업그레이드 자전거 거치대 크랭키 215~280cm,"70,900",http://gdimg.gmarket.co.kr/4040479718/still/280?ver=1722269775,http://item.gmarket.co.kr/Item?goodscode=4040479718&buyboxtype=ad
프로마스터 로드자전거 에어리스R1.4D 시마노A070 14단 듀얼레버 디스크 조립구매시 푸짐한 라이딩용품 증정,"389,940",http://image.gmarket.co.kr/hanbando/202408/a4e449b9-22a7-4df9-aaa4-148d912fcc83.png?date=20240903,http://item.gmarket.co.kr/Item?goodscode=2439914070
팬더 어린이자전거 16인치 18인치 네발자전거 아동자전거 하이킥자전거,"138,180",http://gdimg.gmarket.co.kr/2858087012/still/280?ver=1701062964,http://item.gmarket.co.kr/Item?goodscode=2858087012
커플 자전거 아이태우는 3인승 한강 가족 유아동승 투어링  제품 파손 불량 시 100% 환불 ,"193,690",http://gdimg.gmarket.co.kr/4068329344/still/280?ver=1723091533,http://item.gmarket.co.kr/Item?goodscode=4068329344&buyboxtype=ad
삼천리자전거 팀X900D 27.5인치 유압식 디스크브레이크 27단 알루미늄 MTB자전거 칼라스40,"449,320",http://gdimg.gmarket.co.kr/3075106135/still/280?ver=1689907782,http://item.gmarket.co.kr/Item?goodscode=3075106135
케이투바이크 로드자전거 이그니스R21 700C 21단 시마노 변속레버 조립구매시 푸짐한 라이딩 용품 증정,"184,400",http://image.gmarket.co.kr/hanbando/202408/a4e449b9-22a7-4df9-aaa4-148d912fcc83.png?date=20240903,http://item.gmarket.co.kr/Item?goodscode=284713715
가족 자전거 패밀리 바이크 3인승 동반자전거 자녀 동승 나들이  제품 파손 불량 시 100% 환불 ,"818,160",http://gdimg.gmarket.co.kr/4068329346/still/280?ver=1723091533,http://item.gmarket.co.kr/Item?goodscode=4068329346&buyboxtype=ad
2024 케이투바이크 미니벨로 접이식자전거 브로디 20인치 7단 조립구매시 푸짐한 사은품+바스켓 증정,"132,840",http://image.gmarket.co.kr/hanbando/202408/a4e449b9-22a7-4df9-aaa4-148d912fcc83.png?date=20240903,http://item.gmarket.co.kr/Item?goodscode=1958122823
케이투바이크 경량 알루미늄 클래식 여성용자전거 헬레나26인치 시마노7단 조립구매시 푸짐한 사은품증정,"235,860",http://image.gmarket.co.kr/hanbando/202408/a4e449b9-22a7-4df9-aaa4-148d912fcc83.png?date=20240903,http://item.gmarket.co.kr/Item?goodscode=2159606198
유아 동반 자전거 가족 아이 동승 성인 유원지 한강 관광 투어링  제품 파손 불량 시 100% 환불 ,"521,710",http://gdimg.gmarket.co.kr/4068330001/still/280?ver=1723091554,http://item.gmarket.co.kr/Item?goodscode=4068330001&buyboxtype=ad
케이투바이크 경량 알루미늄 클래식 여성용자전거 헬레나24인치 시마노7단 조립구매시 푸짐한 사은품증정,"235,860",http://image.gmarket.co.kr/hanbando/202408/a4e449b9-22a7-4df9-aaa4-148d912fcc83.png?date=20240903,http://item.gmarket.co.kr/Item?goodscode=2159614311
프로마스터 풀서스펜션 알루미늄 MTB 자전거 세로스DX 27.5인치 시마노24단 조립구매시 라이딩용품 증정,"359,370",http://image.gmarket.co.kr/hanbando/202408/a4e449b9-22a7-4df9-aaa4-148d912fcc83.png?date=20240903,http://item.gmarket.co.kr/Item?goodscode=2251360288
성인 세발자전거 노인 삼륜 클래식 삼발이 어르신 장보기 여성 3발,"387,120",http://gdimg.gmarket.co.kr/4106107807/still/280?ver=1724660512,http://item.gmarket.co.kr/Item?goodscode=4106107807&buyboxtype=ad
2022 알톤 라임스톤1.0 24인치 시마노21단 주니어 초등학생 알루미늄 MTB자전거 조립구매시 라이딩용품 증정,"256,450",http://image.gmarket.co.kr/hanbando/202408/a4e449b9-22a7-4df9-aaa4-148d912fcc83.png?date=20240903,http://item.gmarket.co.kr/Item?goodscode=2326908828
프로마스터 성인 알루미늄 삼륜 세발자전거 트리벨로20FD 20인치 시마노7단 조립 구매시 푸짐한 사은품증정,"560,660",http://image.gmarket.co.kr/hanbando/202408/a4e449b9-22a7-4df9-aaa4-148d912fcc83.png?date=20240903,http://item.gmarket.co.kr/Item?goodscode=2360302372
2024년 샘트라이크 콤팩트 접이식 유아 프리미엄 유모차 다기능 세발자전거,"189,000",http://gdimg.gmarket.co.kr/3658006513/still/280?ver=1723106233,http://item.gmarket.co.kr/Item?goodscode=3658006513&buyboxtype=ad
알톤 Z3 27.5인치 풀카본 산악 MTB자전거 시마노XT24단 유압디스크 조립구매시 고급 라이딩용품 증정,"1,081,210",http://image.gmarket.co.kr/hanbando/202408/a4e449b9-22a7-4df9-aaa4-148d912fcc83.png?date=20240903,http://item.gmarket.co.kr/Item?goodscode=2374788372
2025 프로마스터 초등학생 MTB 자전거 엑스씨2.1D 24인치 시마노21단 디스크 조립구매시 라이딩용품 증정,"246,150",http://image.gmarket.co.kr/hanbando/202408/a4e449b9-22a7-4df9-aaa4-148d912fcc83.png?date=20240903,http://item.gmarket.co.kr/Item?goodscode=2424280016
2024년 클로버 18인치 20인치 어린이 아동용 보조바퀴 네발자전거 완조립,"230,000",http://gdimg.gmarket.co.kr/3658038485/still/280?ver=1723106233,http://item.gmarket.co.kr/Item?goodscode=3658038485&buyboxtype=ad
2025 프로마스터 MTB자전거 엑스씨2.1D 29인치 시마노21단 디스크브레이크 조립구매시 라이딩용품 증정,"256,450",http://image.gmarket.co.kr/hanbando/202408/a4e449b9-22a7-4df9-aaa4-148d912fcc83.png?date=20240903,http://item.gmarket.co.kr/Item?goodscode=2440789134
2024 케이투바이크 레이브SF 26인치 MTB자전거 21단 시마노 변속레버 조립구매시 푸짐한 사은품증정,"143,230",http://image.gmarket.co.kr/hanbando/202408/a4e449b9-22a7-4df9-aaa4-148d912fcc83.png?date=20240903,http://item.gmarket.co.kr/Item?goodscode=2520899332
2024년 시크릿쥬쥬 알루미늄 아동용 보조바퀴 네발자전거 완조립,"345,000",http://gdimg.gmarket.co.kr/3658062726/still/280?ver=1723106233,http://item.gmarket.co.kr/Item?goodscode=3658062726&buyboxtype=ad
2024 블랙타이판 경량 알루미늄 픽시자전거 브래쉬 700C 무료조립+무료배송+고급U락증정,"369,660",http://image.gmarket.co.kr/hanbando/202408/a4e449b9-22a7-4df9-aaa4-148d912fcc83.png?date=20240903,http://item.gmarket.co.kr/Item?goodscode=2629780112
프로마스터 주니어 초등학생 MTB자전거 엑스씨2.1D 22인치 시마노21단 디스크 조립 구매시 라이딩용품 증정,"235,860",http://image.gmarket.co.kr/hanbando/202408/a4e449b9-22a7-4df9-aaa4-148d912fcc83.png?date=20240903,http://item.gmarket.co.kr/Item?goodscode=2663845626
2024년 딩고 알루미늄 어린이 아동용 보조바퀴 네발자전거 완조립 삼천리,"302,000",http://gdimg.gmarket.co.kr/3661038457/still/280?ver=1724638526,http://item.gmarket.co.kr/Item?goodscode=3661038457&buyboxtype=ad
2024 프로마스터 26인치 MTB 자전거 엑스씨2.1D 시마노21단 디스크브레이크 조립구매시 라이딩용품 증정,"246,150",http://image.gmarket.co.kr/hanbando/202408/a4e449b9-22a7-4df9-aaa4-148d912fcc83.png?date=20240903,http://item.gmarket.co.kr/Item?goodscode=2663849770
프로마스터 MTB 자전거 파라곤 27.5인치 시마노24단 유압 디스크브레이크 조립구매시 라이딩용품 증정,"277,030",http://image.gmarket.co.kr/hanbando/202408/a4e449b9-22a7-4df9-aaa4-148d912fcc83.png?date=20240903,http://item.gmarket.co.kr/Item?goodscode=2769031392
니스포 전신 코어운동 뉴외발자전거 24인치 마운틴,"235,300",http://gdimg.gmarket.co.kr/3806060588/still/280?ver=1715844288,http://item.gmarket.co.kr/Item?goodscode=3806060588&buyboxtype=ad
프로마스터 알루미늄 하이브리드자전거 에어리스H2.4D 700C 시마노24단 디스크 조립구매시 라이딩용품 증정,"277,030",http://image.gmarket.co.kr/hanbando/202408/a4e449b9-22a7-4df9-aaa4-148d912fcc83.png?date=20240903,http://item.gmarket.co.kr/Item?goodscode=2769040027
2024 케이투바이크 초등학생 MTB 자전거 덱스터2.1D 22인치 원터치 21단 디스크 조립구매시 라이딩용품 증정,"184,400",http://image.gmarket.co.kr/hanbando/202408/a4e449b9-22a7-4df9-aaa4-148d912fcc83.png?date=20240903,http://item.gmarket.co.kr/Item?goodscode=2772753215
